{
  "name": "copy-button",
  "type": "registry:ui",
  "registryDependencies": [
    "button",
    "https://github.com/fractalego/yaaaf/r/use-copy-to-clipboard.json"
  ],
  "files": [
    {
      "path": "ui/copy-button.tsx",
      "content": "\"use client\"\n\nimport { Check, Copy } from \"lucide-react\"\n\nimport { cn } from \"@/lib/utils\"\nimport { useCopyToClipboard } from \"@/registry/default/hooks/use-copy-to-clipboard\"\nimport { Button } from \"@/registry/default/ui/button\"\n\ntype CopyButtonProps = {\n  content: string\n  copyMessage?: string\n}\n\nexport function CopyButton({ content, copyMessage }: CopyButtonProps) {\n  const { isCopied, handleCopy } = useCopyToClipboard({\n    text: content,\n    copyMessage,\n  })\n\n  return (\n    <Button\n      variant=\"ghost\"\n      size=\"icon\"\n      className=\"relative h-6 w-6\"\n      aria-label=\"Copy to clipboard\"\n      onClick={handleCopy}\n    >\n      <div className=\"absolute inset-0 flex items-center justify-center\">\n        <Check\n          className={cn(\n            \"h-4 w-4 transition-transform ease-in-out\",\n            isCopied ? \"scale-100\" : \"scale-0\"\n          )}\n        />\n      </div>\n      <Copy\n        className={cn(\n          \"h-4 w-4 transition-transform ease-in-out\",\n          isCopied ? \"scale-0\" : \"scale-100\"\n        )}\n      />\n    </Button>\n  )\n}\n",
      "type": "registry:ui",
      "target": ""
    }
  ]
}