{
  "name": "markdown-renderer",
  "type": "registry:ui",
  "dependencies": [
    "react-markdown@10",
    "remark-gfm@4",
    "shiki@1"
  ],
  "registryDependencies": [
    "https://github.com/fractalego/yaaaf/r/copy-button.json"
  ],
  "files": [
    {
      "path": "ui/markdown-renderer.tsx",
      "content": "import React, { Suspense } from \"react\"\nimport Markdown from \"react-markdown\"\nimport rehypeRaw from \"rehype-raw\"\nimport remarkGfm from \"remark-gfm\"\n\nimport { processTableCellContent } from \"@/lib/url-utils\"\nimport { cn } from \"@/lib/utils\"\nimport { AnswererAgent } from \"@/registry/custom/answerer-agent\"\nimport { Artefact } from \"@/registry/custom/artefact\"\nimport { BashAgent } from \"@/registry/custom/bash-agent\"\nimport { BraveSearchAgent } from \"@/registry/custom/brave-search-agent\"\nimport { Complete } from \"@/registry/custom/complete\"\nimport { DocumentRetrieverAgent } from \"@/registry/custom/document-retriever-agent\"\nimport { DuckDuckGoSearchAgent } from \"@/registry/custom/duck-duck-go-search-agent\"\nimport { ImageOutput } from \"@/registry/custom/image-output\"\nimport { MleAgent } from \"@/registry/custom/mle-agent\"\nimport { NumericalSequencesAgent } from \"@/registry/custom/numerical-sequences-agent\"\nimport { Paused } from \"@/registry/custom/paused\"\nimport { ReviewerAgent } from \"@/registry/custom/reviewer-agent\"\nimport { SqlAgent } from \"@/registry/custom/sql-agent\"\nimport { TodoAgent } from \"@/registry/custom/todo-agent\"\nimport { UrlAgent } from \"@/registry/custom/url-agent\"\nimport { UrlRetrieverAgent } from \"@/registry/custom/url-retriever-agent\"\nimport { UrlReviewerAgent } from \"@/registry/custom/url-reviewer-agent\"\nimport { UserInputAgent } from \"@/registry/custom/user-input-agent\"\nimport { VisualizationAgent } from \"@/registry/custom/visualization-agent\"\nimport { CopyButton } from \"@/registry/default/ui/copy-button\"\n\ninterface MarkdownRendererProps {\n  children: string\n  onArtifactClick?: (artifactId: string) => void\n}\n\nexport function MarkdownRenderer({\n  children,\n  onArtifactClick,\n}: MarkdownRendererProps) {\n  return (\n    <div className=\"space-y-3\">\n      <Markdown\n        remarkPlugins={[remarkGfm]}\n        rehypePlugins={[rehypeRaw]}\n        components={getComponents(onArtifactClick)}\n        urlTransform={(value: string) => value}\n      >\n        {children}\n      </Markdown>\n    </div>\n  )\n}\n\ninterface HighlightedPre extends React.HTMLAttributes<HTMLPreElement> {\n  children: string\n  language: string\n}\n\nconst HighlightedPre = React.memo(\n  async ({ children, language, ...props }: HighlightedPre) => {\n    const { codeToTokens, bundledLanguages } = await import(\"shiki\")\n\n    if (!(language in bundledLanguages)) {\n      return <pre {...props}>{children}</pre>\n    }\n\n    const { tokens } = await codeToTokens(children, {\n      lang: language as keyof typeof bundledLanguages,\n      defaultColor: false,\n      themes: {\n        light: \"github-light\",\n        dark: \"github-dark\",\n      },\n    })\n\n    return (\n      <pre {...props}>\n        <code>\n          {tokens.map((line, lineIndex) => (\n            <>\n              <span key={lineIndex}>\n                {line.map((token, tokenIndex) => {\n                  const style =\n                    typeof token.htmlStyle === \"string\"\n                      ? undefined\n                      : token.htmlStyle\n\n                  return (\n                    <span\n                      key={tokenIndex}\n                      className=\"text-shiki-light bg-shiki-light-bg dark:text-shiki-dark dark:bg-shiki-dark-bg\"\n                      style={style}\n                    >\n                      {token.content}\n                    </span>\n                  )\n                })}\n              </span>\n              {lineIndex !== tokens.length - 1 && \"\\n\"}\n            </>\n          ))}\n        </code>\n      </pre>\n    )\n  }\n)\nHighlightedPre.displayName = \"HighlightedCode\"\n\ninterface CodeBlockProps extends React.HTMLAttributes<HTMLPreElement> {\n  children: React.ReactNode\n  className?: string\n  language: string\n}\n\nconst CodeBlock = ({\n  children,\n  className,\n  language,\n  ...restProps\n}: CodeBlockProps) => {\n  const code =\n    typeof children === \"string\"\n      ? children\n      : childrenTakeAllStringContents(children)\n\n  const preClass = cn(\n    \"overflow-x-scroll rounded-md border bg-background/50 p-4 font-mono text-sm [scrollbar-width:none]\",\n    className\n  )\n\n  return (\n    <div className=\"group/code relative mb-4\">\n      <Suspense\n        fallback={\n          <pre className={preClass} {...restProps}>\n            {children}\n          </pre>\n        }\n      >\n        <HighlightedPre language={language} className={preClass}>\n          {code}\n        </HighlightedPre>\n      </Suspense>\n\n      <div className=\"invisible absolute right-2 top-2 flex space-x-1 rounded-lg p-1 opacity-0 transition-all duration-200 group-hover/code:visible group-hover/code:opacity-100\">\n        <CopyButton content={code} copyMessage=\"Copied code to clipboard\" />\n      </div>\n    </div>\n  )\n}\n\nfunction childrenTakeAllStringContents(element: any): string {\n  if (typeof element === \"string\") {\n    return element\n  }\n\n  if (element?.props?.children) {\n    let children = element.props.children\n\n    if (Array.isArray(children)) {\n      return children\n        .map((child) => childrenTakeAllStringContents(child))\n        .join(\"\")\n    } else {\n      return childrenTakeAllStringContents(children)\n    }\n  }\n\n  return \"\"\n}\n\nfunction getComponents(onArtifactClick?: (artifactId: string) => void) {\n  return {\n    sqlagent: ({ children, ...props }: any) => {\n      return (\n        <SqlAgent text={children} modelName={props[\"data-model\"]}></SqlAgent>\n      )\n    },\n    visualizationagent: ({ children, ...props }: any) => {\n      return (\n        <VisualizationAgent\n          text={children}\n          modelName={props[\"data-model\"]}\n        ></VisualizationAgent>\n      )\n    },\n    mleagent: ({ children, ...props }: any) => {\n      return (\n        <MleAgent text={children} modelName={props[\"data-model\"]}></MleAgent>\n      )\n    },\n    revieweragent: ({ children, ...props }: any) => {\n      return (\n        <ReviewerAgent\n          text={children}\n          modelName={props[\"data-model\"]}\n        ></ReviewerAgent>\n      )\n    },\n    artefact: ({ children }: any) => {\n      return (\n        <Artefact id={children} onArtifactClick={onArtifactClick}></Artefact>\n      )\n    },\n    imageoutput: ({ children }: any) => {\n      return <ImageOutput id={children}></ImageOutput>\n    },\n    todoagent: ({ children, ...props }: any) => {\n      return (\n        <TodoAgent text={children} modelName={props[\"data-model\"]}></TodoAgent>\n      )\n    },\n    taskcompleted: ({ children }: any) => {\n      return <Complete />\n    },\n    taskpaused: ({ children }: any) => {\n      return <Paused />\n    },\n    duckduckgosearchagent: ({ children, ...props }: any) => {\n      return (\n        <DuckDuckGoSearchAgent\n          text={children}\n          modelName={props[\"data-model\"]}\n        ></DuckDuckGoSearchAgent>\n      )\n    },\n    bravesearchagent: ({ children, ...props }: any) => {\n      return (\n        <BraveSearchAgent\n          text={children}\n          modelName={props[\"data-model\"]}\n        ></BraveSearchAgent>\n      )\n    },\n    urlretrieveragent: ({ children, ...props }: any) => {\n      return (\n        <UrlRetrieverAgent\n          text={children}\n          modelName={props[\"data-model\"]}\n        ></UrlRetrieverAgent>\n      )\n    },\n    documentretrieveragent: ({ children, ...props }: any) => {\n      return (\n        <DocumentRetrieverAgent\n          text={children}\n          modelName={props[\"data-model\"]}\n        ></DocumentRetrieverAgent>\n      )\n    },\n    urlagent: ({ children, ...props }: any) => {\n      return (\n        <UrlAgent text={children} modelName={props[\"data-model\"]}></UrlAgent>\n      )\n    },\n    userinputagent: ({ children, ...props }: any) => {\n      return (\n        <UserInputAgent\n          text={children}\n          modelName={props[\"data-model\"]}\n        ></UserInputAgent>\n      )\n    },\n    urlrevieweragent: ({ children, ...props }: any) => {\n      return (\n        <UrlReviewerAgent\n          text={children}\n          modelName={props[\"data-model\"]}\n        ></UrlReviewerAgent>\n      )\n    },\n    numericalsequencesagent: ({ children, ...props }: any) => {\n      return (\n        <NumericalSequencesAgent\n          text={children}\n          modelName={props[\"data-model\"]}\n        ></NumericalSequencesAgent>\n      )\n    },\n    bashagent: ({ children, ...props }: any) => {\n      return (\n        <BashAgent text={children} modelName={props[\"data-model\"]}></BashAgent>\n      )\n    },\n    answereragent: ({ children, ...props }: any) => {\n      return (\n        <AnswererAgent\n          text={children}\n          modelName={props[\"data-model\"]}\n        ></AnswererAgent>\n      )\n    },\n    h1: withClass(\"h1\", \"text-2xl font-semibold\"),\n    h2: withClass(\"h2\", \"font-semibold text-xl\"),\n    h3: withClass(\"h3\", \"font-semibold text-lg\"),\n    h4: withClass(\"h4\", \"font-semibold text-base\"),\n    h5: withClass(\"h5\", \"font-medium\"),\n    strong: withClass(\"strong\", \"font-semibold\"),\n    a: withClass(\"a\", \"text-primary underline underline-offset-2\"),\n    blockquote: withClass(\"blockquote\", \"border-l-2 border-primary pl-4\"),\n    code: ({ children, className, node, ...rest }: any) => {\n      const match = /language-(\\w+)/.exec(className || \"\")\n      return match ? (\n        <CodeBlock className={className} language={match[1]} {...rest}>\n          {children}\n        </CodeBlock>\n      ) : (\n        <code\n          className={cn(\n            \"font-mono [:not(pre)>&]:rounded-md [:not(pre)>&]:bg-background/50 [:not(pre)>&]:px-1 [:not(pre)>&]:py-0.5\"\n          )}\n          {...rest}\n        >\n          {children}\n        </code>\n      )\n    },\n    pre: ({ children }: any) => children,\n    ol: withClass(\"ol\", \"list-decimal space-y-2 pl-6\"),\n    ul: withClass(\"ul\", \"list-disc space-y-2 pl-6\"),\n    li: withClass(\"li\", \"my-1.5\"),\n    table: ({ className, children, ...props }: any) => (\n      <div className=\"w-full\">\n        <table\n          className={cn(\n            \"w-full border-collapse rounded-md border border-foreground/20 table-fixed\",\n            className\n          )}\n          {...props}\n        >\n          {children}\n        </table>\n      </div>\n    ),\n    th: withClass(\n      \"th\",\n      \"border border-foreground/20 px-3 py-2 text-left font-bold [&[align=center]]:text-center [&[align=right]]:text-right break-words hyphens-auto text-sm\"\n    ),\n    td: ({ className, children, ...props }: any) => (\n      <td\n        className={cn(\n          \"border border-foreground/20 px-3 py-2 text-left [&[align=center]]:text-center [&[align=right]]:text-right break-words hyphens-auto text-sm leading-relaxed\",\n          className\n        )}\n        {...props}\n      >\n        {processTableCellContent(children)}\n      </td>\n    ),\n    tr: withClass(\"tr\", \"m-0 border-t p-0 even:bg-muted\"),\n    p: withClass(\"p\", \"whitespace-pre-wrap\"),\n    hr: withClass(\"hr\", \"border-foreground/20\"),\n  }\n}\n\nfunction withClass(Tag: keyof JSX.IntrinsicElements, classes: string) {\n  const Component = ({ node, ...props }: any) => (\n    <Tag className={classes} {...props} />\n  )\n  Component.displayName = Tag\n  return Component\n}\n\nexport default MarkdownRenderer\n",
      "type": "registry:ui",
      "target": ""
    }
  ],
  "tailwind": {
    "config": {
      "theme": {
        "extend": {
          "colors": {
            "shiki": {
              "light": "var(--shiki-light)",
              "light-bg": "var(--shiki-light-bg)",
              "dark": "var(--shiki-dark)",
              "dark-bg": "var(--shiki-dark-bg)"
            }
          }
        }
      }
    }
  }
}