{
  "name": "typing-indicator",
  "type": "registry:ui",
  "files": [
    {
      "path": "ui/typing-indicator.tsx",
      "content": "import { Loader2 } from \"lucide-react\"\n\ninterface TypingIndicatorProps {\n  streamStatus?: {\n    goal: string\n    current_agent: string\n    is_active: boolean\n  }\n}\n\nexport function TypingIndicator({ streamStatus }: TypingIndicatorProps) {\n  return (\n    <div className=\"justify-left flex space-x-1\">\n      <div className=\"rounded-lg bg-muted p-3\">\n        <div className=\"flex items-center gap-2 text-muted-foreground\">\n          <Loader2 className=\"h-4 w-4 animate-spin\" />\n          <span className=\"text-xs\">\n            {streamStatus?.is_active && streamStatus?.current_agent\n              ? streamStatus.current_agent === \"orchestrator\"\n                ? \"Planning...\"\n                : `Running ${streamStatus.current_agent}...`\n              : \"Thinking...\"}\n          </span>\n          {streamStatus?.is_active && streamStatus?.goal && (\n            <span className=\"text-xs opacity-70\">\n              •{\" \"}\n              {streamStatus.goal.length > 50\n                ? streamStatus.goal.substring(0, 50) + \"...\"\n                : streamStatus.goal}\n            </span>\n          )}\n        </div>\n      </div>\n    </div>\n  )\n}\n",
      "type": "registry:ui",
      "target": ""
    }
  ],
  "tailwind": {
    "config": {
      "theme": {
        "extend": {
          "keyframes": {
            "typing-dot-bounce": {
              "0%,40%": {
                "transform": "translateY(0)"
              },
              "20%": {
                "transform": "translateY(-0.25rem)"
              }
            }
          },
          "animation": {
            "typing-dot-bounce": "typing-dot-bounce 1.25s ease-out infinite"
          }
        }
      }
    }
  }
}